{"stats":{"minecraft:killed_by":{"minecraft:pillager":1},"minecraft:mined":{"minecraft:spruce_planks":1,"minecraft:spruce_slab":1},"minecraft:picked_up":{"minecraft:spruce_planks":1,"minecraft:spruce_slab":3},"minecraft:dropped":{"minecraft:spruce_slab":2},"minecraft:used":{"minecraft:chainmail_helmet":1},"minecraft:custom":{"minecraft:open_barrel":4,"minecraft:time_since_rest":4617,"minecraft:open_chest":1,"minecraft:crouch_one_cm":60,"minecraft:play_time":7163,"minecraft:sprint_one_cm":8426,"minecraft:deaths":1,"minecraft:damage_taken":480,"minecraft:walk_one_cm":10624,"minecraft:sneak_time":81,"minecraft:walk_under_water_one_cm":5076,"minecraft:drop":2,"minecraft:jump":126,"minecraft:damage_dealt":10,"minecraft:leave_game":1,"minecraft:time_since_death":4585,"minecraft:walk_on_water_one_cm":2805,"minecraft:climb_one_cm":20494,"minecraft:total_world_time":7163,"minecraft:swim_one_cm":4158,"minecraft:fall_one_cm":4679,"minecraft:fly_one_cm":21380}},"DataVersion":3465}