{"stats":{"minecraft:mined":{"minecraft:acacia_leaves":2,"minecraft:light_gray_wool":3,"minecraft:crafting_table":1,"minecraft:grass":3,"minecraft:acacia_log":11,"minecraft:grass_block":5,"minecraft:coal_ore":21,"minecraft:decorated_pot":1,"minecraft:lapis_ore":1,"minecraft:stone":13,"minecraft:blue_bed":2,"minecraft:spawner":3},"minecraft:custom":{"minecraft:time_since_rest":136,"minecraft:sprint_one_cm":26596,"minecraft:damage_taken":234,"minecraft:walk_one_cm":30947,"minecraft:damage_blocked_by_shield":195,"minecraft:mob_kills":2,"minecraft:damage_dealt":190,"minecraft:swim_one_cm":18642,"minecraft:interact_with_crafting_table":5,"minecraft:fly_one_cm":55783,"minecraft:open_barrel":7,"minecraft:open_chest":2,"minecraft:play_time":14533,"minecraft:deaths":1,"minecraft:sneak_time":17,"minecraft:walk_under_water_one_cm":3321,"minecraft:jump":311,"minecraft:walk_on_water_one_cm":4528,"minecraft:time_since_death":109,"minecraft:sleep_in_bed":1,"minecraft:total_world_time":14533,"minecraft:climb_one_cm":882,"minecraft:fall_one_cm":10129},"minecraft:crafted":{"morevanillashields:coal_shield":1,"minecraft:iron_axe":1,"minecraft:crafting_table":3,"minecraft:iron_nugget":9,"minecraft:stick":12,"minecraft:wooden_pickaxe":1,"minecraft:iron_pickaxe":1,"minecraft:wooden_axe":1,"simplyswords:iron_halberd":1,"minecraft:acacia_planks":44,"minecraft:dark_oak_planks":16,"comforts:sleeping_bag_light_gray":1},"minecraft:used":{"minecraft:wooden_axe":14,"morevanillashields:coal_shield":17,"minecraft:iron_axe":1,"minecraft:iron_pickaxe":36,"minecraft:wooden_pickaxe":3,"minecraft:blue_bed":2,"minecraft:crafting_table":3,"minecraft:chainmail_chestplate":1,"minecraft:bucket":1},"minecraft:picked_up":{"minecraft:shelter_pottery_sherd":1,"minecraft:sheaf_pottery_sherd":1,"minecraft:crafting_table":1,"minecraft:clock":1,"minecraft:lead":1,"minecraft:acacia_log":11,"minecraft:dirt":5,"minecraft:lapis_lazuli":4,"minecraft:blue_bed":2,"minecraft:item_frame":1,"minecraft:arrow":2,"minecraft:snort_pottery_sherd":1,"minecraft:angler_pottery_sherd":1,"minecraft:emerald":2,"minecraft:light_gray_wool":3,"minecraft:acacia_sapling":1,"minecraft:coal":19,"minecraft:cobblestone":13},"minecraft:killed":{"minecraft:pillager":2}},"DataVersion":3465}