{"stats":{"minecraft:mined":{"minecraft:grass":1,"minecraft:acacia_log":4,"minecraft:light_gray_wool":3},"minecraft:custom":{"minecraft:jump":53,"minecraft:time_since_rest":2533,"minecraft:sprint_one_cm":4178,"minecraft:play_time":2533,"minecraft:walk_on_water_one_cm":866,"minecraft:time_since_death":2533,"minecraft:walk_one_cm":2579,"minecraft:walk_under_water_one_cm":910,"minecraft:total_world_time":2533,"minecraft:interact_with_crafting_table":1,"minecraft:swim_one_cm":1627,"minecraft:fall_one_cm":1997,"minecraft:fly_one_cm":11443},"minecraft:crafted":{"minecraft:crafting_table":1,"minecraft:stick":4,"minecraft:wooden_pickaxe":1,"minecraft:wooden_axe":1,"minecraft:acacia_planks":16},"minecraft:used":{"minecraft:crafting_table":1},"minecraft:picked_up":{"minecraft:light_gray_wool":3,"minecraft:acacia_log":4}},"DataVersion":3465}